﻿designator,quantity,value,pack,mpn,mount_type
", , , , , , , , , , , , ",13,,37a111ce-96c9-42a8-b0d1-cee97aba29f6,,tht
"5Way1, 5Way1",2,SKRHA,SKRHA-boss_mod_doble,,tht
"BT1, BT1",2,Battery_Cell,JST_ZH_2PIN_1.5MM,,tht
"D1, D10, D11, D12, D13, D14, D15, D16, D17, D18, D2, D3, D4, D5, D6, D7, D8, D9, DT-1, DT1, DT2, DT3, DT4, DT5way1",24,Diode,Diode_SOD-123_mod,,smt
OLED+!,1,OLED_I2C,OLED_I2C_128x32+NiceView,,tht
ON/OFF1,1,SW_SPDT,switch-MSK-12C02-smd,,smt
Reset1,1,Reset,SW_SPST_B3U-1000P_mod,,smt
"SW1, SW10, SW11, SW12, SW13, SW14, SW15, SW16, SW17, SW18, SW2, SW3, SW4, SW5, SW6, SW7, SW8, SW9, Thumb-1, Thumb1, Thumb2",21,Switch,Hotswap_Choc_V1_1.00u_mod,,smt
Thumb3,1,EVQWGD001,RollerEncoder_Panasonic_EVQWGD001_mod,,tht
Thumb4,1,EC11,RollerEncoder_Panasonic_EVQWGD001_mod,,tht
U1,1,Nice_Nano_V2,ProMicro_jumpers,,tht
