﻿pos_x,pos_y,rotation,side,designator,mpn,pack,value,mount_type,place
193.22,-102.7,0.0,top,,,37a111ce-96c9-42a8-b0d1-cee97aba29f6,,tht,True
145.51,-117.42,0.0,top,,,37a111ce-96c9-42a8-b0d1-cee97aba29f6,,tht,True
143.01,-117.39,0.0,top,,,37a111ce-96c9-42a8-b0d1-cee97aba29f6,,tht,True
195.72,-102.69,0.0,top,,,37a111ce-96c9-42a8-b0d1-cee97aba29f6,,tht,True
198.21,-102.75,0.0,top,,,37a111ce-96c9-42a8-b0d1-cee97aba29f6,,tht,True
187.01,-121.29,90.0,top,,,37a111ce-96c9-42a8-b0d1-cee97aba29f6,,tht,True
190.72,-102.7,0.0,top,,,37a111ce-96c9-42a8-b0d1-cee97aba29f6,,tht,True
139.742,-117.788,90.0,top,,,37a111ce-96c9-42a8-b0d1-cee97aba29f6,,tht,True
187.075,-123.825,90.0,top,,,37a111ce-96c9-42a8-b0d1-cee97aba29f6,,tht,True
200.97,-102.74,0.0,top,,,37a111ce-96c9-42a8-b0d1-cee97aba29f6,,tht,True
187.02,-118.79,90.0,top,,,37a111ce-96c9-42a8-b0d1-cee97aba29f6,,tht,True
148.408,-117.788,90.0,bottom,,,37a111ce-96c9-42a8-b0d1-cee97aba29f6,,tht,True
188.083,-116.188,90.0,bottom,,,37a111ce-96c9-42a8-b0d1-cee97aba29f6,,tht,True
195.6125,-120.2,0.0,top,5Way1,,SKRHA-boss_mod_doble,SKRHA,tht,True
144.85,-126.8,0.0,top,5Way1,,SKRHA-boss_mod_doble,SKRHA,tht,True
200.9,-109.18,90.0,top,BT1,,JST_ZH_2PIN_1.5MM,Battery_Cell,tht,True
199.4,-109.2,90.0,bottom,BT1,,JST_ZH_2PIN_1.5MM,Battery_Cell,tht,True
100.4,-89.7,180.0,top,D1,,Diode_SOD-123_mod,Diode,smt,True
172.2,-96.4,180.0,top,D10,,Diode_SOD-123_mod,Diode,smt,True
100.2,-123.6,180.0,top,D11,,Diode_SOD-123_mod,Diode,smt,True
118.3,-111.7,180.0,top,D12,,Diode_SOD-123_mod,Diode,smt,True
136.2,-104.7,180.0,top,D13,,Diode_SOD-123_mod,Diode,smt,True
154.2,-110.3,180.0,top,D14,,Diode_SOD-123_mod,Diode,smt,True
171.1,-113.5,0.0,top,D15,,Diode_SOD-123_mod,Diode,smt,True
82.5,-89.7,180.0,top,D16,,Diode_SOD-123_mod,Diode,smt,True
82.3,-106.7,180.0,top,D17,,Diode_SOD-123_mod,Diode,smt,True
82.1,-123.5,180.0,top,D18,,Diode_SOD-123_mod,Diode,smt,True
118.3,-77.7,180.0,top,D2,,Diode_SOD-123_mod,Diode,smt,True
136.4,-70.9,180.0,top,D3,,Diode_SOD-123_mod,Diode,smt,True
154.3,-76.4,180.0,top,D4,,Diode_SOD-123_mod,Diode,smt,True
172.3,-79.6,180.0,top,D5,,Diode_SOD-123_mod,Diode,smt,True
100.4,-106.8,180.0,top,D6,,Diode_SOD-123_mod,Diode,smt,True
118.2,-94.6,180.0,top,D7,,Diode_SOD-123_mod,Diode,smt,True
136.3,-87.7,180.0,top,D8,,Diode_SOD-123_mod,Diode,smt,True
154.2,-93.5,180.0,top,D9,,Diode_SOD-123_mod,Diode,smt,True
195.636027,-142.0394,-40.0,top,DT-1,,Diode_SOD-123_mod,Diode,smt,True
166.6,-131.3,165.0,top,DT1,,Diode_SOD-123_mod,Diode,smt,True
180.0,-132.0,150.0,top,DT2,,Diode_SOD-123_mod,Diode,smt,True
165.85,-133.55,165.0,top,DT3,,Diode_SOD-123_mod,Diode,smt,True
180.75,-116.8,180.0,top,DT4,,Diode_SOD-123_mod,Diode,smt,True
174.25,-116.55,180.0,top,DT5way1,,Diode_SOD-123_mod,Diode,smt,True
194.24,-105.28,90.0,top,OLED+!,,OLED_I2C_128x32+NiceView,OLED_I2C,tht,True
195.01,-68.77,-90.0,top,ON/OFF1,,switch-MSK-12C02-smd,SW_SPDT,smt,True
168.85,-66.93,0.0,top,Reset1,,SW_SPST_B3U-1000P_mod,Reset,smt,True
103.6,-87.18,0.0,top,SW1,,Hotswap_Choc_V1_1.00u_mod,Switch,smt,True
175.6,-93.98,0.0,top,SW10,,Hotswap_Choc_V1_1.00u_mod,Switch,smt,True
103.6,-121.18,0.0,top,SW11,,Hotswap_Choc_V1_1.00u_mod,Switch,smt,True
121.6,-109.18,0.0,top,SW12,,Hotswap_Choc_V1_1.00u_mod,Switch,smt,True
139.6,-102.18,0.0,top,SW13,,Hotswap_Choc_V1_1.00u_mod,Switch,smt,True
157.6,-107.98,0.0,top,SW14,,Hotswap_Choc_V1_1.00u_mod,Switch,smt,True
175.6,-110.98,0.0,top,SW15,,Hotswap_Choc_V1_1.00u_mod,Switch,smt,True
85.6,-87.18,0.0,top,SW16,,Hotswap_Choc_V1_1.00u_mod,Switch,smt,True
85.6,-104.18,0.0,top,SW17,,Hotswap_Choc_V1_1.00u_mod,Switch,smt,True
85.6,-121.18,0.0,top,SW18,,Hotswap_Choc_V1_1.00u_mod,Switch,smt,True
121.6,-75.18,0.0,top,SW2,,Hotswap_Choc_V1_1.00u_mod,Switch,smt,True
139.6,-68.18,0.0,top,SW3,,Hotswap_Choc_V1_1.00u_mod,Switch,smt,True
157.6,-73.98,0.0,top,SW4,,Hotswap_Choc_V1_1.00u_mod,Switch,smt,True
175.6,-76.98,0.0,top,SW5,,Hotswap_Choc_V1_1.00u_mod,Switch,smt,True
103.6,-104.18,0.0,top,SW6,,Hotswap_Choc_V1_1.00u_mod,Switch,smt,True
121.6,-92.18,0.0,top,SW7,,Hotswap_Choc_V1_1.00u_mod,Switch,smt,True
139.6,-85.18,0.0,top,SW8,,Hotswap_Choc_V1_1.00u_mod,Switch,smt,True
157.6,-90.98,0.0,top,SW9,,Hotswap_Choc_V1_1.00u_mod,Switch,smt,True
197.8,-146.88,140.0,top,Thumb-1,,Hotswap_Choc_V1_1.00u_mod,Switch,smt,True
163.0,-127.72,-15.0,top,Thumb1,,Hotswap_Choc_V1_1.00u_mod,Switch,smt,True
181.861216,-135.639103,150.0,top,Thumb2,,Hotswap_Choc_V1_1.00u_mod,Switch,smt,True
144.1,-125.4125,-90.0,top,Thumb3,,RollerEncoder_Panasonic_EVQWGD001_mod,EVQWGD001,tht,True
195.0,-120.2,0.0,top,Thumb4,,RollerEncoder_Panasonic_EVQWGD001_mod,EC11,tht,True
195.07,-86.25,0.0,top,U1,,ProMicro_jumpers,Nice_Nano_V2,tht,True
